–í–∞–Ω—á–æ,–°—Ç—Ä–∞—Ö–æ–≤–∫–∞,"–°—Ç—Ä–∞—Ö–æ–≤ –º–Ω–µ –Ω–µ –Ω–∞–¥–æ, —è –¥–≤–∏–≥–∞—é—Å—å –Ω–∞ —Å–º–µ–ª–æ–º.
–°—Ç—Ä–∞—Ö–æ–≤–∫–∞ —ç—Ç–∞ –≤–∞—à–∞ ‚Äî –Ω–µ –¥–ª—è –º–æ–µ–≥–æ —Ç–µ–ª–∞.",1,0
–í–∞–Ω—á–æ,–ö–æ–Ω–¥–∏—Ç–µ—Ä,"–ö–æ–Ω–¥–∏—Ç–µ—Ä –Ω–µ –≤—Å–µ–≥–¥–∞ –∂–∏–≤–µ—Ç —Å–ª–∞–¥–∫–æ.
–•–æ—Ç—è, –∫–∞–∑–∞–ª–æ—Å—å –±—ã. –ê–Ω –Ω–µ—Ç ‚Äî –ø—Ä–∞–≤–¥–∞!",1,0
–í–∞–Ω—á–æ,–ö–æ–ª–µ–Ω–æ,"–î—É–º–∞–ª –¥–æ–π–¥—É –¥–æ –≤—ã—Å–æ—Ç, –Ω–æ
–ü–æ–ø–∞–ª —Å—Ç—Ä–µ–ª–æ–π –≤ –∫–æ–ª–µ–Ω–æ.",1,0
–í–∞–Ω—á–æ,"–ê—Å—Ç–∞-–ª–∞-–≤–∏—Å—Ç–∞,","–ê—Å—Ç–∞-–ª–∞-–≤–∏—Å—Ç–∞, —Å–µ–≥–æ–¥–Ω—è —Ç–æ —Å–∞–º–æ–µ –≤—Ä–µ–º—è –≥–æ–¥–∞,
–ö–æ–≥–¥–∞ –¥–∞–∂–µ –ø–∞–ª–∫–∞ —Å—Ç—Ä–µ–ª—è–µ—Ç –≤ —Ä—É–∫–∞—Ö —É –∏–¥–∏–æ—Ç–∞!",1,2
–í–∞–Ω—á–æ,–¢—Ä–µ–Ω–µ—Ä,"–¢—Ä–µ–Ω–µ—Ä –±—ã —Ö–æ—Ç–µ–ª –∏–≥—Ä–∞—Ç—å –≤ —Ñ–∏–Ω–∞–ª–µ –Ω–∞ –£—ç–º–±–ª–∏.
–ù–æ –ø–æ–∫–∞ –ª–∏—à—å —Ç–∏—Ö–æ –ø–ª–∞—á–µ—Ç, –∫–∞–∫ –Ω–∞–¥ –º–∞–º–æ–π –ë—ç–º–±–∏.",1,72
–í–∞–Ω—á–æ,–°—Ç—Ä–æ–∏–ª,"–°—Ç—Ä–æ–∏–ª –ú–∏–¥–∞—Å —Å–µ–±–µ –∑–æ–ª–æ—Ç—ã–µ –∑–∞–º–∫–∏,
–ö–∞–∫ –¢–∞–¥–∂-–ú–∞—Ö–∞–ª, —Ä—É–∫–æ–π –º–∞—Ö–∞–ª –Ω–∞ —Ä–∞–º–∫–∏.",1,57
–í–∞–Ω—á–æ,–®–µ–ª,"–®–µ–ª –ø–æ–¥ –º–æ—Å—Ç–æ–º, –æ–¥–∏–Ω, –∫–∞–∫ –ö—É—Å—Ç–æ.
–í–º–µ—Å—Ç–æ –ø—è—Ç–Ω–∏—Ü—ã ‚Äî —Å—Ä–µ–¥–∞. –ù–∞ –¥—É—à–µ –ø—É—Å—Ç–æ.",1,14
–í–∞–Ω—á–æ,–•–æ–ª–æ–¥–Ω–æ,"–•–æ–ª–æ–¥–Ω–æ –ø–∞–ª –Ω–∞ –ø–ª–µ—á–∏ –æ—Å–µ–Ω–Ω–∏–π –ª–∏—Å—Ç,
–í–µ—Ç—Ä–∞ —Å–≤–∏—Å—Ç –≤ —Ç–∏—à–∏–Ω–µ –ø–æ–≤–∏—Å...",1,47
–í–∞–Ω—á–æ,–ó–∏–Ω–µ–¥–∏–Ω,"–ó–∏–Ω–µ–¥–∏–Ω –ó–∏–¥–∞–Ω –≥–æ–ª–æ–≤–æ–π –±—å–µ—Ç –ú–∞—Ç–µ—Ä–∞—Ü—Ü–∏.
–í —à–æ–∫–µ –≤—Å–µ, –≤ –ø–∞–Ω–∏–∫–µ –ø–∞–ø–∞—Ä–∞—Ü—Ü–∏.
–ú—É–≤ —è–≤–Ω–æ –Ω–µ —Å—ç–π—Ñ, —Ö–æ—Ç—å –∏ –ø–æ—Å–ª–µ–¥–Ω–∏–π –º–∞—Ç—á.
–ù–æ –æ–±–∏–¥—É –∫–ª–∞—Å—Ç—å –≤ —Å–µ–π—Ñ, —ç—Ç–æ –Ω–µ –¥–ª—è –º–∞–ª—å—á–∏–∫–æ–≤.",1,72
–í–∞–Ω—á–æ,–•–æ—Ä–æ—à–æ,"–•–æ—Ä–æ—à–æ –¥—ã—à–∞—Ç—å –≤–æ –≤—Å—é –≥—Ä—É–¥—å,
–ù–µ –±–æ—è—Å—å –¥–µ–ª–∞—Ç—å —Ñ–ª—é—Ä–æ–≥—Ä–∞—Ñ–∏—é.
–õ—É—á—à–∏–π –≤—ã–±–æ—Ä –±—ã–ª –º–Ω–µ –≤ –ª–µ—Å –º–∞—Ö–Ω—É—Ç—å.
–û–∫—É–Ω—É—Ç—å—Å—è –≤ –∑–µ–º–Ω—É—é —Å—Ç–∏—Ö–∏—é!",1,54
–í–∞–Ω—á–æ,–ü–æ–ª–∏—Ü–µ–π—Å–∫–∏–π,"–ü–æ–ª–∏—Ü–µ–π—Å–∫–∏–π –ø–∞—Ä–µ–Ω—å —Ç–æ–ø ‚Äî
–ü—Ä—ã–≥–Ω–µ—Ç –≤ –∂–∞—Ä –∏–ª–∏ –≤ –ø–æ—Ç–æ–ø.",1,0
Trin ü¶ï,–ü–æ—Ä–æ—à–æ–∫,"–ü–∞—Ä–∞ –±—ã–ª–∞ —Å–ª–æ–∂–Ω–∞—è ‚Äî —à–æ–∫!
–ù–æ –∑–Ω–∞–Ω–∏—è –≤–æ –º–Ω–µ,
–ù–µ —Å—Ç–µ—Ä–µ—Ç—å –≤ –ø–æ—Ä–æ—à–æ–∫!",1,0
–í–∞–Ω—á–æ,–†–æ—Ç,"–†–æ—Ç –∑–∞–∫—Ä—ã–ª –Ω–∞ –∑–∞–º–æ–∫, –≤–µ–¥—å –≤ —ç—Ç–æ–º —è –º–∞—Å—Ç–µ—Ä.
–•–æ—á–µ—à—å –ª–µ—á—å –ø–æ–¥ —Å–∞–ø–æ–≥? –ù–µ –¥–ª—è –º–µ–Ω—è —Å—Ç—Ä–∞—Å—Ç–∏.",1,68
Trin ü¶ï,–í–æ–π–Ω–∞,"–í–æ–π–Ω–∞ –≤–æ–π–Ω–æ–π, –∞ –æ–±–µ–¥ –≤ –æ–±–µ–¥!
–¢–∞–∫ –º–Ω–µ –≥–æ–≤–æ—Ä–∏–ª –º–æ–π –ª—é–±–∏–º—ã–π –¥–µ–¥!",1,0
–í–∞–Ω—á–æ,–•–æ–ª–º,–•–æ—É-—Ö–æ—É-—Ö–æ—É! –°–∞–Ω—Ç–∞ –∑–∞–±—Ä–∞–ª—Å—è –Ω–∞ –•–æ–ª–º!,1,0
–í–∞–Ω—á–æ,–£—Ç—Ä–æ,"–£—Ç—Ä–æ–º —è –≤—Å—Ç–∞–ª, –∞ –ø–æ—Ç–æ–º –ª—ë–≥.
–õ—É—á—à–∏–π –±—ã–ª —Å–ø–æ—Å–æ–± –ø—Ä–æ–≤–µ—Å—Ç–∏ –¥–µ–Ω—ë–∫.",1,0
Trin ü¶ï,–¢–∏—Ç–∞–Ω—ã,"–¢–∏—Ç–∞–Ω—ã –Ω–∞–ø–∞–ª–∏ –Ω–∞ –ô–µ–≥–µ—Ä–º–µ–π—Å—Ç–µ—Ä,
–î—É–º–∞–ª–∏, —á—Ç–æ —Å—Ç–∞–Ω—É—Ç –ª—é–¥—å–º–∏ –æ–Ω–∏ –≤–º–µ—Å—Ç–µ.",1,0
–í–∞–Ω—á–æ,–ê—Ä–±—É–∑,"–ê—Ä–±—É–∑ –±—ã–≤–∞–µ—Ç –±–µ–∑ –∫–æ—Å—Ç–µ–π,
–ù–æ –∏ –≤–∫—É—Å–∞ —Ç–∞–º –º–µ–Ω—å—à–µ. 
–ù–µ –æ–∫–µ–π.",1,0
–í–∞–Ω—á–æ,–ú—ë–¥,"–ö–∞–∂–µ—Ç—Å—è, —á—Ç–æ –∂–∏–∑–Ω—å ‚Äî –º—ë–¥.
–ò –Ω–∞ –¥—É—à–µ –ª–µ–≥–∫–æ, –∏ –≤ –æ—Å—Ç–∞–ª—å–Ω–æ–º –ø—Ä—ë—Ç.",1,0
–í–∞–Ω—á–æ,–í–¥–æ—Ö–Ω–æ–≤–µ–Ω–∏–µ,"–í–¥–æ—Ö–Ω–æ–≤–µ–Ω–∏–µ –Ω–∞ —Å–æ—á–∏–Ω–µ–Ω–∏—è
–ü—Ä–æ—Å—ã–ø–∞–µ—Ç—Å—è –ø–æ—Å–ª–µ –∑–∞—Ç–º–µ–Ω–∏—è",1,0
–í–∞–Ω—á–æ,–ú–æ–Ω–µ—Ç–∞,"–ú–æ–Ω–µ—Ç–∞ –∏–Ω–æ–≥–¥–∞ –±—ã–≤–∞–µ—Ç —Ü–µ–Ω–Ω–µ–µ, —á–µ–º –∫–æ—Ç–ª–µ—Ç–∞.
–°—Ç–æ–∏—Ç –ø–æ–∫–æ–ø–∞—Ç—å—Å—è –∏ –ø–æ—Ç–æ–º –≥—É–ª—è—Ç—å –≤—Å—ë –ª–µ—Ç–æ.",1,0
Trin ü¶ï,–®—Ç–æ—Ä–º,"–®—Ç–æ—Ä–º –∏–≥—Ä–∞–ª–∞ –•–æ–ª–ª–∏ –ë–µ—Ä—Ä–∏
–Ø –∑–∞–∫—Ä—ã–ª –µ–π –≤ —à–∫–æ–ª—É –¥–≤–µ—Ä–∏",1,0
–í–∞–Ω—á–æ,–û–≥–æ–Ω—å,"–û–≥–æ–Ω—å –≥–æ—Ä–∏—Ç —è—Ä—á–µ –ª—É–Ω—ã, –Ω–æ—á–∏ –æ–ø–∞—Å–Ω—ã –∏ —Ç–µ–º–Ω—ã",1,0
–í–∞–Ω—á–æ,–ù–æ—Å,"–ù–æ—Å–æ–º —á—É—é, —á—Ç–æ-—Ç–æ —Ç—É—Ç –Ω–µ –ª–∞–¥–Ω–æ.
–û–¥–µ–ª—Å—è –∫–∞–∫ –Ω–∞ –º–æ—Ä–µ, –∞ —Ç—É—Ç, –±–ª–∏–Ω, –ø—Ä–æ—Ö–ª–∞–¥–Ω–æ!",1,0
–í–∞–Ω—á–æ,–í,"–í —Ä–æ–∂–¥–µ—Å—Ç–≤–æ —Å–Ω–µ–≥ –±—É–¥—Ç–æ –±—ã –≤–æ–ª—à–µ–±–Ω—ã–π.
–õ—è–≥—É —è –∫–∞–∫ –∞–Ω–≥–µ–ª, –ª—é–¥–∏ —Å–∫–∞–∂—É—Ç: ¬´–ë–ª–∞–∂–µ–Ω–Ω—ã–π¬ª",1,78
Trin ü¶ï,–¢–µ–ø–ª–æ—Ö–æ–¥,–¢–µ–ø–ª–æ—Ö–æ–¥ –¢–µ–ø–ª–æ—Ö–æ–¥–æ–≤–∏—á,1,0
–í–∞–Ω—á–æ,–ì—Ä–∞–±–∏—Ç–µ–ª—å,–ì—Ä–∞–±–∏—Ç–µ–ª—å –ì—Ä–∞–±–∏—Ç–µ–ª—å–µ–≤–∏—á,1,0
Trin ü¶ï,–ö–∞—Ä–∞–≤–∞–π,–ö–∞—Ä–∞–≤–∞–π –∫–∞—Ä–∞–≤–∞–π —Ö–æ—á–µ—à—å –≤—ã–±–∏—Ä–∞–π,1,0
–í–∞–Ω—á–æ,–ü–æ–ª–Ω–æ—á—å,"–í –ø–æ–ª–Ω–æ—á—å —É–∂–µ —Å—Ç–∞–ª–æ —è—Å–Ω–æ,
–ß—Ç–æ –≤—Å—ë –±—ã–ª–æ —Ç–∞–∫ –Ω–∞–ø—Ä–∞—Å–Ω–æ.
–®–µ–ª 99-—ã–π, –ë–æ—Ä–∏—Å —É—Ö–æ–¥–∏–ª –≤ –∑–∞–∫–∞—Ç.",1,0
–í–∞–Ω—á–æ,–ü–æ–ø—É–ª—è—Ä–µ–Ω,"–ü–æ–ø—É–ª—è—Ä–µ–Ω –≤ 23 —Ä–æ–∑–æ–≤—ã–π —Ü–≤–µ—Ç,
–í–µ–¥—å —Ä–µ–∫–ª–∞–º—è—Ç –≤—Å—é–¥—É –ë–∞—Ä–±–∏.
–¢—ã —É–∂–µ –ø–æ—Å–º–æ—Ç—Ä–µ–ª? –Ø ‚Äî –Ω–µ—Ç.",1,42
–í–∞–Ω—á–æ,–ú–∞–∫–∏—è–∂,"–ú–∞–∫–∏—è–∂ —Å–¥–µ–ª–∞–ª–∞ –Ω–∞ –ø–ª—è–∂
–ù–æ –±—ã—Å—Ç—Ä–æ —Å–º—ã–ª–∞ –≤–æ–ª–Ω–∞",1,0
–í–∞–Ω—á–æ,–ú–∞–∫,–ú–∞–∫–¥–æ–Ω–∞–ª—å–¥ –º–∞–∫–¥–æ–Ω–∞–ª—å–¥—Å–æ–≤–∏—á,1,0
Trin ü¶ï,–î–æ–∂–¥—å,–¥–æ–∂–¥—å –¥–æ–∂–¥–∏–∫,1,0
Trin ü¶ï,–í–¥–æ—Ö–Ω–æ–≤–µ–Ω–∏–µ,–í–¥–æ—Ö–Ω–æ–≤–µ–Ω–∏–µ –≤–¥–æ—Ö–Ω–æ–≤–µ–Ω—å–∏—Ü–µ,1,0
–í–∞–Ω—á–æ,–ö—Ä–æ–≤—å,–ö—Ä–æ–≤–∞–≤—ã–π —á–µ—Ç–≤–µ—Ä–≥ —ç—Ç–æ —Ñ–∏–ª—å–º —Å—Ç–∞—Ä—ã–π,1,0
–í–∞–Ω—á–æ,–ó–∞—Ç–æ—á–∫–∞,–ó–∞—Ç–æ—á–∫–∞ –∑–∞—Ç–æ—á–µ—á–∫–∞,1,0
–í–∞–Ω—á–æ,–ë–∞–∫–∞–ª–µ—è,–ë–∞–∫–∞–ª–µ—è –ë–∞–∫–∞–ª–µ–µ–≤–Ω–∞,1,0
–í–∞–Ω—á–æ,–©–µ–∫–∞,–©–µ–∫–∞ —â—ë–∫–æ–≤–Ω–∞,1,0
–í–∞–Ω—á–æ,–°–∞–¥,–°–∞–¥ –°–∞–¥–æ–≤–∏—á,1,0
Trin ü¶ï,–õ–∞–Ω–¥—à–∞—Ñ—Ç,–õ–∞–Ω–¥—à–∞—Ñ—Ç –ª–∞–Ω–¥—à–∞—Ñ—Ç—ã—á,1,0
Trin ü¶ï,–ü–æ–¥–∫–æ–≤–∞,–ü–æ–¥–∫–æ–≤–∞ –ü–æ–¥–∫–æ–≤–æ–≤–Ω–∞,1,0
–í–∞–Ω—á–æ,–ü–µ—Ä–µ—Å—Ç—Ä–µ–ª–∫–∞,–ü–µ—Ä–µ—Å—Ç—Ä–µ–ª–∫–∞ –ü–µ—Ä–µ—Å—Ç—Ä–µ–ª–æ—á–∫–∞,1,0
–í–∞–Ω—á–æ,–ö—Ä–æ–≤—å,–ö—Ä–æ–≤—å –∫—Ä–æ–≤—É—à–∫–∞,1,0
–í–∞–Ω—á–æ,–ì—Ä–∞–±–∏—Ç–µ–ª—å,–ì—Ä–∞–±–∏—Ç–µ–ª—å –≥—Ä–∞–±–∏—Ç–µ–ª—å–µ–≤–∏—á,1,0
–í–∞–Ω—á–æ,–ì–æ—Ä–æ–¥,–ì–æ—Ä–æ–¥ –≥–æ—Ä–æ–¥–æ–∫,1,0
–í–∞–Ω—á–æ,–°–≤–µ—Ç,–°–≤–µ—Ç —Å–≤–µ—Ç–æ–≤–∏—á,1,0
–í–∞–Ω—á–æ,–†–µ–∫–æ–Ω—Å—Ç—Ä—É–∫—Ü–∏—è,–†–µ–∫–æ–Ω—Å—Ç—Ä—É–∫—Ü–∏—è —Ä–µ–∫–æ–Ω—Å—Ç—Ä—É–∫—Ç–æ–≤–Ω–∞,1,0
–í–∞–Ω—á–æ,–ü—Ä–æ—Å–ø–∞–ª,"–ü—Ä–æ—Å–ø–∞–ª –≤–µ—Å—å –Ω–æ–≤—ã–π –≥–æ–¥...
–°–æ–Ω –±—ã–ª —Å–ª–∞–¥–∫–∏–π, –∫–∞–∫ –∫–æ–º–ø–æ—Ç,
–ù–æ –±–µ–∑ –ø–ª–∞–≤–∞—é—â–∏—Ö –±–µ—Å—è—â–∏—Ö —è–≥–æ–¥,
–ê —Ç–∞–∫–æ–π... –Ω—É –ø—Ä—è–º–æ —Ç–æ–ø.",1,78
–í–∞–Ω—á–æ,–í–æ–π–Ω–∞,"–í–æ–π–Ω–∞ –æ–Ω–∞ –∫–æ–º—É-—Ç–æ —Ä–æ–¥–Ω–∞,
–ê –∫–æ–º—É-—Ç–æ —É—Ä–æ–¥–ª–∏–≤–∞...",1,0
–í–∞–Ω—á–æ,–í–æ–π–Ω–∞,"–°–Ω–æ–≤–∞ –≤–æ–π–Ω–∞, –∑–Ω–∞—á–∏—Ç –Ω–µ –∏–¥—É —Å–ø–∞—Ç—å
–î–æ –ø–æ–∑–¥–Ω–∞ —Ö–æ–ª–æ–¥–Ω–∞ –∫—Ä–æ–≤–∞—Ç—å...",1,0
Trin ü¶ï,–ü–µ—Ä–µ—Å—Ç—Ä–µ–ª–∫–∞,–ü–µ—Ä–µ—Å—Ç—Ä–µ–ª–∫–∞ –ø–µ—Ä–µ—Å—Ç—Ä–µ–ª–æ—á–∫–∞,1,0
Trin ü¶ï,–î–µ–Ω—å,–î–µ–Ω—å –î–µ–Ω–µ–∫,1,0
–í–∞–Ω—á–æ,–ü–æ–¥–∫–æ–≤–∞,–ü–æ–¥–∫–æ–≤–∞ –ø–æ–¥–∫–æ–≤–æ–≤–Ω–∞,1,0
Trin ü¶ï,–ö—Ä—ã–ª—å—è,–ö—Ä—ã–ª—å—è –∫—Ä—ã–ª—å–µ–≤–Ω–∞,1,0
Trin ü¶ï,–£—Ç—Ä–æ,–£—Ç—Ä–æ —É—Ç—Ä–æ–≤–Ω–æ,1,0
–í–∞–Ω—á–æ,–ì–æ–¥,–ì–æ–¥ –ì–æ–¥–æ–≤–∏—á,1,0
–í–∞–Ω—á–æ,–í–æ—Å–∫—Ä–µ—à–µ–Ω–∏–µ,–í–æ—Å–∫—Ä–µ—à–µ–Ω–∏–µ –≤–æ—Å–∫—Ä–µ—à–µ–Ω—å–µ–≤–Ω–æ,1,0
–í–∞–Ω—á–æ,–ì–æ–¥,–û –º–∞–π –≥–æ–¥ –æ –º–∞–π –≥–∞–¥,1,0
Trin ü¶ï,–°–æ–∫–æ–ª,–û –º–∞–π —Å–æ–∫–æ–ª,1,0
Trin ü¶ï,–ü–∞–Ω—á–ª–∞–π–Ω,–û –º–∞–π –ø–∞–Ω—á–ª–∞–π–Ω,1,0
–í–∞–Ω—á–æ,–ì–∏–º–Ω,–û –º–∞–π –ì–∏–º–Ω,1,0
–í–∞–Ω—á–æ,–†—ã–±–∞–∫,–û –º–∞–π –†—ã–±–∞–∫,1,0
–í–∞–Ω—á–æ,–£–∫—Ä–æ–ø,–£—Ä–æ–ø —É–∫—Ä–æ–ø–æ–≤–∏—á —Ö—É–µ–≤,1,0
–í–∞–Ω—á–æ,–®–∞–º–ø—É–Ω—å,–®–∞–º–ø—É–Ω—å —à–∞–ø–º—É—Ä–æ–≤–µ—á –•—É–µ,1,0
–í–∞–Ω—á–æ,–ö—É—Å—Ç,–ö—É—Å –∫—É—Å—Ç–æ–≤–∏—á –∫—É—Å—Ç–æ,1,0
Trin ü¶ï,–§–ª–µ–π—Ç–∞,–§–ª–µ–π—Ç–∞ —Ñ–ª–µ–π—Ç–æ–≤–Ω–∞ –≥–æ–≤–Ω–æ,1,0
Trin ü¶ï,–¢–∏—Ç–∞–Ω—ã,–¢–∏—Ç–∞–Ω–∏–Ω–∞ —Ç–∏—Ç–∞–Ω–æ–≤–Ω–∞ –ï–≥–µ—Ä,1,0
Trin ü¶ï,–ì—Ä–∞–±–∏—Ç–µ–ª—å,–ì—Ä–∞–±–∏—Ç–µ–ª—å –ª—é–±–∏—Ç–µ–ª—å,1,0
–í–∞–Ω—á–æ,–î–æ–º,–î–æ–º –î–æ–º—ã—è,1,0
–í–∞–Ω—á–æ,–ó–∞—Ç–æ—á–∫–∞,–ó–∞—Ç–æ—á–∫–∞ –∑–∞—Ç–æ—á–µ—á–∫–∞,1,0
–í–∞–Ω—á–æ,–ú–æ—Ä,–ú–æ—Ä–µ –º–æ—Ä–µ –º–∏—Ä –ø–µ–∑–¥–æ–Ω–Ω—ã–π,1,0
–í–∞–Ω—á–æ,–ö—É–±–æ–∫,–ö—É–±–æ–∫ –∫—É–±–æ–∫ –º–∏—Ä –ø–∏–∑–¥—É–±–æ–∫,1,0
–í–∞–Ω—á–æ,–†—ã–±–∞–∫,–†—ã–±–∞–∫ —Ä—ã–±–∞–∫ –º–∏—Ä –±–µ–∑ —Ä—ã–±–∞–∫,1,0
Trin ü¶ï,–ú–æ—Å—Ç,–ú–æ—Å—Ç –º–æ—Å—Ç–æ–≤–∏—á,1,0
Trin ü¶ï,–ü–∞–Ω—á–ª–∞–π–Ω,–ü–∞–Ω—á–ª–∞–π–Ω –ü–∞–Ω—á–ª–∞–π–Ω–æ–≤–∏—á,1,0
Trin ü¶ï,–õ—è–≥—É—à–∫–∞,–õ—è–≥—É—à–∫–∞ –õ—è–≥—É—Ö–æ–≤–Ω–∞,1,0
–í–∞–Ω—á–æ,–ö—É–±–æ–∫,–ö—É–±–æ–∫ —É—é–±–æ–∫,1,0
–í–∞–Ω—á–æ,–ë–æ—á–∫–∞,–ë–æ—á–∫–∞ —Ö—É—ë—á–∫–∞,1,0
–í–∞–Ω—á–æ,–°–≤–µ—Ç,–°–≤–µ—Ç —Å–≤–µ—Ç–ª–∞–Ω—ã—á,1,0
Trin ü¶ï,–¢–∏—Ç–∞–Ω—ã,–¢–∏—Ç–∞–Ω—ã —Ç–∏—Ç–∞–Ω–æ–≤–Ω—ã,1,0
Trin ü¶ï,–®–∞–º–ø—É–Ω—å,–®–∞–º–ø—É–Ω—å —à–∞–º–ø—É–Ω–µ–≤–∏—á,1,0
Trin ü¶ï,–ü–æ–¥–∫–æ–≤–∞,–ü–æ–¥–∫–æ–≤–∞ –ø–æ–¥–∫–æ–≤–æ–≤–Ω–∞,1,0
–í–∞–Ω—á–æ,–ö—Ä–æ–≤—å,–ö—Ä–æ–≤—å –ª—é–±–æ–≤—å,1,0
–í–∞–Ω—á–æ,–ö–æ–Ω–¥–∏—Ç–µ—Ä,–ö–æ–Ω–¥–∏—Ç–µ—Ä –ü–∏–¥–µ—Ä,1,0
Trin ü¶ï,–ü—É–∫,–ü—É–∫ –∑–≤—É–∫,1,0
Trin ü¶ï,–ö—É—Å—Ç,–ö—É—Å—Ç —Ö—Ä—É—Å—Ç,1,0
Trin ü¶ï,–ù–æ—Å,–ù–æ—Å —Ö—É–µ—Å–æ—Å,1,0
–í–∞–Ω—á–æ,–ì–∞–∑–µ—Ç–∞,–ì–∞–∑–µ—Ç–∞ —Ö—É–π —Å–æ—Å–µ–¥–∞,1,0
–í–∞–Ω—á–æ,–¢–µ–ø–ª–æ—Ö–æ–¥,–¢–µ–ø–ª–æ—Ö–æ–¥ –µ–±–∞–ª —è –≤ —Ä–æ—Ç,1,0
–í–∞–Ω—á–æ,–î–æ–º,–î–æ–º –Ω–∞—Å—Ä–∞–ª –Ω–∞ –∫–æ–º,1,0
–ò—Å–ª–∞–º –†–µ—Ü–∏–¥–∏–≤,–ù–æ—Å,–Ω–æ—Å –±–æ—Å—Å,1,0
–ò—Å–ª–∞–º –†–µ—Ü–∏–¥–∏–≤,–ò–ª–ª—é–º–∏–Ω–∞—Ç—ã,"–∏–ª–ª—é–º–∏–Ω–∞—Ç—ã
–∏ lumen, –∞ —Ç—ã?",1,0
–ò—Å–ª–∞–º –†–µ—Ü–∏–¥–∏–≤,–ö–∞—Ä–∞–≤–∞–π,"–∫–∞—Ä–∞–≤–∞–π, —ã—ã—ã
—Å–∞–Ω–∫—Ü–∏–∏ —ç—Ç–æ –∫–∞—Ä–∞ –≤–æ–π–Ω—ã—ã—ã—ã",1,0
–ò—Å–ª–∞–º –†–µ—Ü–∏–¥–∏–≤,–ö–∞—Ä—Ç–∏–Ω–∞,"–∫–∞—Ä—Ç–∏–Ω–∞, —à–µ–ª–µ—Å—Ç
–∏ –∫–∞—Ä—Ç–∏ –Ω–∞ —à–µ–µ",1,0
–ò—Å–ª–∞–º –†–µ—Ü–∏–¥–∏–≤,–í–∫—É—Å–Ω–æ—Ç–∞,"–≤–∫—É—Å–Ω–æ—Ç–∞ 
–≤–∫—É—Å–Ω–æ —Ç–∞–∫",1,0
–í–∞–Ω—á–æ,–°–Ω–µ–≥,–°–Ω–µ–≥ –°–Ω–µ–≥–æ–≤–∏—á,1,0
–ò—Å–ª–∞–º –†–µ—Ü–∏–¥–∏–≤,–ü–æ—Å—Ç–µ–ª—å,"–Ω–µ –ø–æ–≤–∏–ª–∏–≤–∞–µ—Ç –ø–æ–≥–æ–¥–æ–π –µ—Å–ª–∏ —Å–Ω–µ–≥ –†–∞
—Ç—ã —Å–∫–∞—Ç–∏–ª—Å—è —Å–Ω–µ–≥—Ä–∞",1,0
–í–∞–Ω—á–æ,–ó–∞—Ç–æ—á–∫–∞,–ó–∞—Ç–æ—á–∫–∞ –∑–∞—Ç–æ—á–∫–∞,1,0
–ò—Å–ª–∞–º –†–µ—Ü–∏–¥–∏–≤,–ö–æ–ø—ã—Ç–æ,"–∑–∞—Ç–æ—á–∫–∞ 
—Å–∏–Ω–æ–Ω–∏–º—ã –∫ –∂–æ–ø–µ —ç—Ç–æ:
–∑–∞–¥, –æ—á–∫–æ",1,0
–ò—Å–ª–∞–º –†–µ—Ü–∏–¥–∏–≤,–ì–ª–∞–≤–∞—Ä—å,–≥–ª–∞–≤–∞—Ä—å —Å–ª–æ–≤–∞—Ä—å,1,0
–í–∞–Ω—á–æ,–ì—Ä–∞—Ñ,–ì—Ä–∞—Ñ –ø–æ–ª–∏–≥—Ä–∞—Ñ,1,0
–í–∞–Ω—á–æ,–ö–æ–ª—å—Ü–æ,–ö–æ–ª—å—Ü–æ —ç—Ç–æ –∫—Ä—ã–ª—å—Ü–æ,1,0
–í–∞–Ω—á–æ,–ë–∞–Ω–∫–Ω–æ—Ç–∞,–ë–∞–Ω–∫–Ω–æ—Ç–∞ —ç—Ç–æ –±–∞–Ω–∫–Ω–æ—Ç–∞,1,0
–í–∞–Ω—á–æ,–õ–∞–Ω–¥—ã—à,–õ–∞–Ω–¥—ã—à –ª–∞–Ω–¥—ã—à–æ–≤–∏—á,1,0
–í–∞–Ω—á–æ,–ß–∞–π,–ß–∞–π —á–∞–π–∫–æ–≤—Å–∫–∏–π,1,0
Trin ü¶ï,–®—Ç–æ—Ä–º,–®—Ç–æ—Ä–º –®—Ç–æ—Ä–º–æ–≤–∏—á,1,0
Trin ü¶ï,–ì–æ–Ω–∫–∞,–ì–æ–Ω–∫–∞ —Ö—É—ë–Ω–∫–∞,1,0
Trin ü¶ï,–ì–æ—Ä–æ–¥,–ì–æ—Ä–æ–¥ –≥–æ—Ä–æ–¥–æ–≤–∏—á,1,0
–í–∞–Ω—á–æ,–®—Ç–æ—Ä–º,–®—Ç–æ—Ä–º —à—Ç–æ—Ä–º—ã—á,1,0
–í–∞–Ω—á–æ,–ú—ë–¥,–ú—ë–¥ –º—ë–¥—ã—á,1,0
–í–∞–Ω—á–æ,–í–æ—Å–∫—Ä–µ—à–µ–Ω–∏–µ,–í–æ—Å–∫—Ä–µ—à–µ–Ω–∏–µ –≤–æ—Å–∫—Ä–µ—à–µ–Ω–∏–µ,1,0
–í–∞–Ω—á–æ,–í–∫—É—Å–Ω–æ—Ç–∞,"–í–∫—É—Å–Ω–æ—Ç–∞, —ç—Ç–æ –∫–æ–≥–¥–∞ –≤ —Ç–∞–∫—Ç
–°–≤–æ–∏–º –ø–æ–º—ã—Å–ª–∞–º –∏–¥—É—Ç —Å–ª–æ–≤–∞
–ò —Å–ª–∞–¥–∫–æ —Ç–∞–∫, –±—É–¥—Ç–æ –ø–æ—Ö–≤–∞–ª–∞
–û—Ç —Ç–æ–≥–æ, –∑–∞ –∫–æ–≥–æ –≥–æ—Ä–¥–æ—Å—Ç–Ω–æ.",1,0
–í–∞–Ω—á–æ,–•–æ–ª–º,–•–æ–ª–º –•–æ–ª–º—ã—á,1,0
–í–∞–Ω—á–æ,–ü–æ–ª,–ü–æ–ª –£–æ–∫–µ—Ä,1,0
–í–∞–Ω—á–æ,–Ø–∑—ã–∫,–Ø–∑—ã–∫ –ú–∞–≥–µ–ª–ª–∞–Ω–∞ –¥–æ–≤–µ–ª –¥–æ –æ–∫–µ–∞–Ω–∞,1,0
–í–∞–Ω—á–æ,–°–æ–ª–Ω—Ü–µ,"–°–æ–ª–Ω—Ü–µ —Å–≤–µ—Ç–∏—Ç —è—Ä–∫–æ –≤ GTA!
–ü–æ–¥ –≥—Ä—É–∑–æ–≤–∏–∫ –≤–µ—Å–µ–ª–æ –≤–ª–µ—Ç–∞–µ—Ç —Ç–æ–ª–ø–∞!",1,5
–í–∞–Ω—á–æ,–†–µ–∫–æ–Ω—Å—Ç—Ä—É–∫—Ü–∏—è,"–†–µ–∫–æ–Ω—Å—Ç—Ä—É–∫—Ü–∏—è –∏–ª–∏ –î–µ–∫–æ–Ω—Å—Ç—Ä—É–∫—Ü–∏—è?
–í—Å–µ–≥–æ –ª–∏—à—å –¥–≤–µ –±—É–∫–≤—ã, –Ω–æ –≤—Å—è –∫–æ–Ω—Å—Ç–∏—Ç—É—Ü–∏—è
–°—Ä–∞–∑—É —Ä–∞–∑–Ω–∞—è, —Å–ø—É—Ç–∞—Ç—å –æ–ø–∞—Å–Ω–æ!
–†–∞–∑–æ–±—Ä–∞—Ç—å—Å—è –±—ã –≤ —ç—Ç–æ–º –ø–∞–∑–∑–ª–µ!",1,7
–í–∞–Ω—á–æ,–í–µ–¥—É—â–∏–π,"–í–µ–¥—É—â–∏–π —É–º–µ–Ω –±—ã–ª –∫–∞–∫ –≤ –Ω–µ–±–æ –≥–ª—è–¥—É—â–∏–π
–∞—Å—Ç—Ä–æ–Ω–æ–º, —á—Ç–æ —Å–º–æ—Ç—Ä–∏—Ç –≤ –±—É–¥—É—â–µ–µ",1,48
–í–∞–Ω—á–æ,–ö–æ–Ω–¥–∏—Ç–µ—Ä,–ö–æ–Ω–¥–∏—Ç–µ—Ä –û—á–µ–Ω—å –ö–ª–µ–≤—ã–π,1,9
–í–∞–Ω—á–æ,–£—Ç—Ä–æ,"–£—Ç—Ä–æ –∫–∞–∫ –Ω–∞ –∫–∞—Ä—Ç–∏–Ω–µ –®–∏—à–∫–∏–Ω–∞.
–ü–æ–¥—Ö–æ–¥–∏—Ç –±–∞—Ä—ã–≥–∞, –≥–æ–≤–æ—Ä–∏—Ç: ¬´–®–∏—à–∫–∏, –Ω–∞!¬ª",1,35
–í–∞–Ω—á–æ,–ü–æ–ª–Ω–æ—á—å,–ü–æ–ª–Ω–æ—á—å –ø–æ–ª–Ω–æ—á—Ç—å,1,0
–í–∞–Ω—á–æ,–ë–æ—á–∫–∞,–ë–æ—á–∫–∞ –≤ –æ–∫—Ä—É–∂–Ω–æ—Å—Ç–∏,1,59
–í–∞–Ω—á–æ,–ö–æ—Ç,–ö–æ—Ç –∫–æ—Ç–æ–≤–∏—á,1,0
–í–∞–Ω—á–æ,–ö–æ–ª—å—Ü–æ,–ö–æ–ª—å—Ü–æ –∫–æ–ª—å—Ü–æ–≤–Ω–æ,1,0
–í–∞–Ω—á–æ,–ó–≤–µ–∑–¥—ã,–ó–≤–µ–∑–¥—ã —è—Ä–∫–∏–µ,1,6
–í–∞–Ω—á–æ,–ü–æ–¥–∫–æ–≤–∞,–ü–æ–¥–∫–æ–≤–∞ —ç—Ç–æ –ø–æ–¥–∫–æ–≤–∞,1,0
–í–∞–Ω—á–æ,–•–æ–ª–º,–•–æ–ª–º —Ö–æ–ª–º–∏–∫,1,0
–í–∞–Ω—á–æ,‚Äì,"‚Äì –Ø –ª—ç–Ω–¥–ª–æ—Ä–¥, –≤–µ—Å—å –º–æ–π —Ç—É—Ç –ª–∞–Ω–¥—à–∞—Ñ—Ç.
–°–ø–æ—Ä–∏—Ç—å —Ç—ã –Ω–µ —Å–º–µ–π, –∞ —Ç–æ –ø–æ–ª—É—á–∏—à—å —à—Ç—Ä–∞—Ñ!",1,32
–í–∞–Ω—á–æ,–ü–æ—Å—Ç–µ–ª—å,"–ü—Ä–æ—Å–Ω—É—Å—å –ø–æ —É—Ç—Ä—É, –Ω–æ –Ω–µ –ø–æ–∫–∏–Ω—É –ø–æ—Å—Ç–µ–ª—å.
–≠—Ç–æ –≤–æ—Å–∫—Ä–µ—Å–µ–Ω—å–µ, –∑–Ω–∞—á–∏—Ç —Å–ø–ª—é —Ç–µ–ø–µ—Ä—å!",1,0
–í–∞–Ω—á–æ,–ú–æ–ª—á–∞–Ω–∏–µ,"–ú–æ–ª—á–∞–Ω–∏–µ –∑–æ–ª–æ—Ç–æ, –ø–æ–Ω—è–ª –¥–∞–≤–µ—á–∞.
–ö–æ–≥–¥–∞ –∫–æ–ø–∞–º —Å–∞–º –Ω–µ —Å–¥–∞–ª —Ç–æ–≤–∞—Ä–∏—â–∞!",1,43
–í–∞–Ω—á–æ,–ö–∞—Ä–º–∞,"–ö–∞—Ä–º–∞ –∫—Ä–æ–∏—Ç –∫–∞—Ä–º–∞–Ω,
–ö—Ä–∏–Ω–∂ –∫–∞–ª–∏—Ç –∫—É–ª—É–∞—Ä.",1,4
–í–∞–Ω—á–æ,–í–æ—Å–∫—Ä–µ—à–µ–Ω–∏–µ,–í–æ—Å–∫—Ä–µ—à–µ–Ω–∏–µ –ø—Ä–æ–∏–∑–æ—à–ª–æ —É—Å–ø–µ—à–Ω–æ,1,0
–í–∞–Ω—á–æ,–ü–∏–≤–æ,–ü–∏–≤–æ –ø–∏–≤–Ω–æ–µ,1,0
–í–∞–Ω—á–æ,–£–¥–∞—Ä–∏–ª—Å—è,"–£–¥–∞—Ä–∏–ª—Å—è –∫–æ–ª–µ–Ω–æ–º –≤ –≥—Ä–æ–∑—É, —Å—É–∫.
–û—Ñ–∏–≥–µ–ª –¥–∞–∂–µ –±–∞—Ä—Å—É–∫. –ì—Ä–æ–º–∫–∏–π –∑–≤—É–∫!",1,58
–í–∞–Ω—á–æ,–ê—Ä–±—É–∑,–ê—Ä–±—É–∑ –ü—É—à–∫–∏–Ω –ª—é–±–∏–ª,1,81
–í–∞–Ω—á–æ,–ú–æ—Ä,–ú–æ—Ä –º–æ—Ä–æ–≤–∏—á,1,0
–í–∞–Ω—á–æ,–®–∞–º–ø—É–Ω—å,–®–∞–º–ø—É–Ω—å —à–∞–º–ø—É–Ω–∏—á,1,0
–í–∞–Ω—á–æ,–®–∞–º–∞–Ω,"–®–∞–º–∞–Ω –±—ã–ª –∫—Ä—É—Ç, –∫–∞–∫ –≤ ¬´–¢–µ—Ä–º–∏–Ω–∞—Ç–æ—Ä–µ¬ª",1,70
–í–∞–Ω—á–æ,–ß–µ–ª–æ–≤–µ–∫-–ø—É–∫,–ß–µ–ª–æ–≤–µ–∫-–ø—É–∫ –ø—É–∫—ã—á,1,0
–í–∞–Ω—á–æ,–ë–æ–∫!,–ë–æ–∫! –ê—Å—Ç–∞ –ª–∞ –≤–∏—Å—Ç–∞!,1,2
–í–∞–Ω—á–æ,–∞—Ä–±—É–∑,–∞—Ä–±—É–∑ –∫—Ä—É–≥–ª—ã–π –∫–∞–∫ —à–∞—Ä –∏ –¥–∏–∞–º–µ—Ç—Ä,1,59
–í–∞–Ω—á–æ,–ú–∞–∫–∏—è–∂,"–ú–∞–∫–∏—è–∂ –Ω–∞–Ω–µ—Å—Ç–∏ —Ç–∞–∫ –ø—Ä–æ—Å—Ç–æ –Ω–µ –¥–∞—à—å
–ü–µ—Ä–≤–æ–º—É –ø—Ä–æ—Ö–æ–∂–µ–º—É, –∑–¥–µ—Å—å –Ω—É–∂–µ–Ω —Å—Ç–∞–∂!",1,24
–í–∞–Ω—á–æ,–ü–æ–ª–∏—Ü–µ–π—Å–∫–∏–π,–ü–æ–ª–∏—Ü–µ–π—Å–∫–∏–π –Ω–µ —Å—Ç–æ–∏—Ç –Ω–∞ –º–µ—Å—Ç–µ,1,0
–í–∞–Ω—á–æ,–£–æ—Ç,"–£–æ—Ç –∞–π –ª–∞–π–∫ –∑–µ –º–æ—Å—Ç –æ—Ñ –∑–µ –º–æ—Å—Ç
–ó–µ—Ç –∏–∑ –∑–µ —Ç–∞–π–º–∫–∏–ø—ç—Ä –æ—Ñ –∫–æ—Å
–ë–∞—Ç –≤–æ—Ç –∏—Ñ –∑–µ—Ä –±–∏ —Å–∞–º—Å–∏–Ω –∞–ø–æ–∫–∞–ª–∏–ø—Ç–∏–∫
–ó–µ–Ω –∏—Ç –∏—Å —Ç–∞–π–º —Ñ—Ä–æ–º –∑–µ—Ä–∞ –≤–∞–ª–∏—Ç—å",1,8
–í–∞–Ω—á–æ,–†–æ—Å—Ç,–†–æ—Å—Ç —Å—Ä–µ–¥–∏ –≤–∑–ª–µ—Ç–Ω—ã—Ö –ø–æ–ª–æ—Å,1,0
–í–∞–Ω—á–æ,–£—Ç—Ä–æ,–£—Ç—Ä–æ–º –æ–∫—É—Ç–∞–Ω,1,0
–í–∞–Ω—á–æ,–í–µ–∑–¥–µ,"–í–µ–∑–¥–µ –ª–∏ –Ω—É–∂–µ–Ω –≤–µ–¥—É—â–∏–π, –∏–ª–∏ –µ—Å—Ç—å –ø—Ä–∞–∑–¥–Ω–∏–∫–∏
–ì–¥–µ –≤—Å–µ –ø–æ —Å–µ–±–µ —Å–∞–º–∏",1,44
–í–∞–Ω—á–æ,–ß–∞–π,–ß–∞–π –í—ã—Ä—É—á–∞–π,1,0
–í–∞–Ω—á–æ,–ì–∏–º–Ω,"–ì–∏–º–Ω, —á—Ç–æ–± –±–æ—è–ª–∏—Å—å –≤—Ä–∞–≥–∏",1,0
–í–∞–Ω—á–æ,–ë–æ–∫,"–û–∫, –∫–æ–≥–¥–∞ –Ω–µ –±–æ–ª–∏—Ç –±–æ–∫",1,0
Trin ü¶ï,–í–¥–æ—Ö–Ω–æ–≤–µ–Ω–∏–µ,–í–¥–æ—Ö–Ω–æ–≤–µ–Ω–∏–µ –≤—ã–¥–æ—Ö–Ω–æ–≤–µ–Ω–∏–µ,1,0
Trin ü¶ï,–ù–æ—Å,–ù–æ—Å –≤–æ–∑,1,0
Trin ü¶ï,–ß–∞–π,"–ß–∞–π, —É–∞–π!",1,0
Trin ü¶ï,–ü–æ–¥–∫–æ–≤–∞,–ü–æ–¥–∫–æ–≤–∞ –ü–æ—Ç–æ–º –ü—Ä–∏–µ–¥–µ—Ç,1,4
–í–∞–Ω—á–æ,–ó–≤–µ–∑–¥–∞,–ó–≤–µ–∑–¥–∞ –ø–æ—ë—Ç –≥–∏–º–Ω,1,86
–í–∞–Ω—á–æ,–ò–ª–ª—é–º–∏–Ω–∞—Ç—ã,–ò–ª–ª—é–º–∏–Ω–∞—Ç—ã –ò–ª–ª—é–º–∏–Ω–∞—Ç–∏–∫–∏,1,0
–í–∞–Ω—á–æ,–ú–∞—Ç–µ–º–∞—Ç–∏–∫–∞,–ú–∞—Ç–µ–º–∞—Ç–∏–∫–∞ —ç—Ç–æ –∫–∞—Ä—Ç–∏–Ω–∞,1,59
–í–∞–Ω—á–æ,"–†–µ–∫–æ–Ω—Å—Ç—Ä—É–∫—Ü–∏—è,","–†–µ–∫–æ–Ω—Å—Ç—Ä—É–∫—Ü–∏—è, –∫–∞–∫ –≤ –º–∏—Ñ–µ –æ –≥–µ—Ä–∞–∫–ª–µ",1,45
–í–∞–Ω—á–æ,–†–æ—Å—Ç,–†–æ—Å—Ç —Ä–æ—Å—Ç–æ–≤–∏—á,1,0
–í–∞–Ω—á–æ,–ò–ª–ª—é–º–∏–Ω–∞—Ç—ã,–ò–ª–ª—é–º–∏–Ω–∞—Ç—ã –∏–ª–ª—é–º–∏–Ω–∞—Ç–æ–≤–Ω—ã,1,0
–í–∞–Ω—á–æ,–ë–æ—á–∫–∞,–ë–æ—á–∫–∞ —ç—Ç–æ —Ä–∞–Ω—å—à–µ –±—ã–ª–æ –∫–∞–∫ —Ç–∞—á–∫–∞,1,28
–í–∞–Ω—á–æ,–ü—É–∫,–í–¥—Ä—É–≥ —Å–ª—É—á–∏–ª—Å—è –ø—É–∫,1,0
–í–∞–Ω—á–æ,–ë–æ—á–∫–∞,–≠—Ç–æ –±–æ—á–∫–∞ –∏ —Ç–æ—á–∫–∞,1,0
–í–∞–Ω—á–æ,–ö—É–±–æ–∫,–ö—É–±–æ–∫ –∫—É–±–æ—á–µ–∫,1,0
Trin ü¶ï,–¢–µ–ø–ª–æ—Ö–æ–¥,–¢–µ–ø–ª–æ—Ö–æ–¥ —Ç–µ–ø–ª–æ—Ö–æ–¥—ã—á,1,0
Trin ü¶ï,–í–¥–æ—Ö–Ω–æ–≤–µ–Ω–∏–µ,–í–¥–æ—Ö–Ω–æ–≤–µ–Ω–∏–µ –≤–¥–æ—Ö–Ω–æ–≤–µ–Ω–Ω–æ–µ,1,0
–í–∞–Ω—á–æ,–ü–æ–≥–æ–¥–∞,–ü–æ–≥–æ–¥–∞ —ç—Ç–æ –∫–∞—Ä—Ç–∏–Ω–∞,1,47
–í–∞–Ω—á–æ,–ü–µ—Ä–µ—Å—Ç—Ä–µ–ª–∫–∞,–ü–µ—Ä–µ—Å—Ç—Ä–µ–ª–∫–∞ –ü–µ—Ä–µ—Å—Ç—Ä–µ–ª–æ—á–∫–∞,1,0
–í–∞–Ω—á–æ,–õ–∞–Ω–¥—à–∞—Ñ—Ç,–õ–∞–Ω–¥—à–∞—Ñ—Ç –õ–∞–Ω–¥—à–∞—Ñ—Ç—ã—á,1,0
Trin ü¶ï,–†–µ–≤–∏–∑–æ—Ä,–†–µ–≤–∏–∑–æ—Ä –†–µ–≤–∏–∑–æ—Ä—ã—á,1,0
Trin ü¶ï,–ì—Ä–∞–±–∏—Ç–µ–ª—å,–ì—Ä–∞–±–∏—Ç–µ–ª—å –º—É—Å–æ—Ä–æ–∫ –Ω–µ —à–µ–π –º–Ω–µ —Å—Ä–æ–∫,1,10
–í–∞–Ω—á–æ,–ó–æ–ª–æ—Ç–æ–π,–ó–æ–ª–æ—Ç–æ–π –∫–∞–∫ –≥—É—á–∏–º–µ–π–Ω,1,27
–í–∞–Ω—á–æ,‚Äì,"‚Äì –§—Ä–æ–¥–æ, –æ—Ç–¥–∞–π –∫–æ–ª—å—Ü–æ!",1,32
–í–∞–Ω—á–æ,–≠–π–Ω—à—Ç–µ–π–Ω,–≠–π–Ω—à—Ç–µ–π–Ω –ø–æ–≤—Ä–µ–¥–∏–ª –∫–æ–ª–µ–Ω–æ,1,37
–í–∞–Ω—á–æ,–°–ø–µ–∫—Ç–∞–∫–ª—å,–°–ø–µ–∫—Ç–∞–∫–ª—å —Å–ø–µ–∫—Ç–∞–ª—å–∏—á,1,0
–í–∞–Ω—á–æ,–ö—Ä–æ–≤—å,"–ö—Ä–æ–≤—å
–ú–æ–ª–æ–∫–æ
–õ—é–±–æ–≤—å",1,24
–í–∞–Ω—á–æ,–£—Ç—Ä–µ–Ω–Ω–µ–µ,–£—Ç—Ä–µ–Ω–Ω–µ–µ –∫–æ–ª–µ–Ω–æ,1,61
–í–∞–Ω—á–æ,–§–∏–ª–æ—Å–æ—Ñ,–§–∏–ª–æ—Å–æ—Ñ –≤–æ—Å–∫—Ä–µ—à–µ–Ω–∏–µ,1,83
–í–∞–Ω—á–æ,–ú—ë–¥,–ú—ë–¥ –º–µ–¥—ã—á,1,0
–í–∞–Ω—á–æ,–ö–æ–ø—ã—Ç–æ,–∫–æ–ø—ã—Ç–æ –∫–æ–ø—ã—Ç–Ω–æ–µ,1,0
–í–∞–Ω—á–æ,–ú–∞–∫,–ú–∞–∫ —ç—Ç–æ –∫–æ—Å–º–µ—Ç–∏–∫–∞,1,77
–í–∞–Ω—á–æ,–í–µ—Ç–µ—Ä,–í–µ—Ç–µ—Ä –∫–∞–∫ –ø–µ—Ç—Ä 1,1,66
–í–∞–Ω—á–æ,–ú–æ—Å—Ç,–ú–æ—Å—Ç –∫–∞–∫ –≤ –∫–∏–Ω–æ,1,2
–í–∞–Ω—á–æ,–õ–æ–∂–∫–∞,–õ–æ–∂–∫–∞ –õ–æ–∂–µ—á–∫–∞,1,0
–í–∞–Ω—á–æ,–¢–µ–ø–ª–æ—Ö–æ–¥,–¢–µ–ø–ª–æ—Ö–æ–¥ –¢–µ–ø–ª–æ—Ö–æ–¥—ã—á,1,0
–í–∞–Ω—á–æ,–ó–∞–º–æ–∫,–ó–∞–º–æ–∫ –ó–∞–º–∫–æ–≤–∏—á,1,0
–í–∞–Ω—á–æ,"–≠–π,","–≠–π, –ª–µ—Å!",1,32
–í–∞–Ω—á–æ,–¢–æ–∫–∞—Ä—å,–¢–æ–∫–∞—Ä—å –ø–æ–¥ –∫–∏—Å–ª–æ—Ç–æ–π,1,79
–í–∞–Ω—á–æ,–°–∫–∞–∑–∫–∞,–°–∫–∞–∑–∫–∞ –æ —Ä—ã–±–∞–∫–µ –∏ —Ä—ã–±–∫–µ,1,53
–í–∞–Ω—á–æ,–ë–æ—á–∫–∞,–±–æ—á–∫–∞ —Ç–æ—á–∫–∞,1,0
–í–∞–Ω—á–æ,–°—Ç—Ä–∞—Ö–æ–≤–∫–∞,–°–¢—Ä–∞—Ö–æ–≤–∫–∞ —Ö—É–µ–≤–∫–∞,1,0
–í–∞–Ω—á–æ,–ü–æ–ª–Ω–æ—á—å,–ü–æ–ª–Ω–æ—á—å –ø–æ–ª–Ω–æ—á–æ,1,0
–í–∞–Ω—á–æ,–ú—ë–¥,–ú—ë–¥ –ª–µ–≥–µ–Ω–¥–∞—Ä–Ω—ã–π,1,45
–í–∞–Ω—á–æ,–ü–æ–¥–∫–æ–≤–∞,–ü–æ–¥–∫–æ–≤–∞ —Ö—É–µ–≤–∞,1,6
–í–∞–Ω—á–æ,—É–∫—Ä–æ–ø,—É–∫—Ä–æ–ø —ç—Ç–æ –∏–∑–æ–±—Ä–µ—Ç–µ–Ω–∏–µ,1,85
–í–∞–Ω—á–æ,–ó–∞–º–æ–∫,–ó–∞–º–æ–∫ –Ω–∞—É—á–Ω—ã–π,1,11
–í–∞–Ω—á–æ,–ù–æ—Å,–Ω–æ—Å –Ω–æ—Å—ã—á,1,0
–í–∞–Ω—á–æ,–ü–∞–Ω—á–ª–∞–π–Ω,–ü–∞–Ω—á–ª–∞–π–Ω –ü–∞–Ω—á–ª–∞–π–Ω—ã—á,1,0
–í–∞–Ω—á–æ,–í–æ–π–Ω–∞,–í–æ–π–Ω–∞ –í–æ–π–Ω–∞–æ–∞,1,0
–í–∞–Ω—á–æ,–ß—É–¥–æ,–ß—É–¥–æ —á—É–¥–Ω–æ–µ,1,0
–í–∞–Ω—á–æ,–ë–æ–≥,–ë–æ–≥ –±–æ–≥–æ–≤—ã–π,1,0
–í–∞–Ω—á–æ,–î–µ–Ω–∏—Å,–î–µ–Ω–∏—Å –∫–∞–∫ –ø–∏–≤–æ,1,22
–í–∞–Ω—á–æ,–î–µ–Ω–∏—Å,–î–µ–Ω–∏—Å –Ω—É —á—Ç–æ –∑–∞ –∏—Ä–æ–Ω–∏—è,1,25
–í–∞–Ω—á–æ,–õ–∞–Ω–¥—ã—à–∏,–õ–∞–Ω–¥—ã—à–∏ –∫–∞–∫ —Ö–∏–º–∏—è,1,79
–í–∞–Ω—á–æ,–ü–æ–ª–∏—Ü–∏—è,–ü–æ–ª–∏—Ü–∏—è –∫–∞–∫ —É —Ü–∞—Ä—è,1,16
–í–∞–Ω—á–æ,–ü—É—à–∫–∞,–ü—É—à–∫–∞ —Ö–∞—Ö–∞—Ö–∞,1,25
–í–∞–Ω—á–æ,–ú–æ—Ä,–ú–æ—Ä –ú–æ—Ä—ã—á –£—Ç–æ–ø–∏—è,1,60
–í–∞–Ω—á–æ,–ò–ª–ª—é–º–∏–Ω–∞—Ç—ã,–ò–ª–ª—é–º–∏–Ω–∞—Ç—ã–π 2,1,0
–í–∞–Ω—á–æ,–°–ø–µ–∫—Ç–∞–∫–ª—å,–°–ø–µ–∫—Ç–∞–∫–ª—å —Å–º–æ—Ç—Ä–µ–ª –∏ –ø–ª–∞–∫–∞–ª—å,1,0
–í–∞–Ω—á–æ,–õ–∞–Ω–¥—ã—à,–õ–∞–Ω–¥—ã—à 1 –º–∞—è,2,38
–í–∞–Ω—á–æ,–î–µ–Ω—å,–î–µ–Ω—å –ò–≤–∞–Ω–∞ –ò–≤–∞–Ω–æ–≤–∏—á–∞,2,60
–í–∞–Ω—á–æ,–ö—Ä—ã–ª—å—è,–ö—Ä—ã–ª—å—è –∫–∞–∫ —É DMX,2,27
–í–∞–Ω—á–æ,–ö–∞—Ä–º–∞–Ω,–ö–∞—Ä–º–∞–Ω —Ü–≤–µ—Ç–æ–∫,2,50
–í–∞–Ω—á–æ,–ö–æ–Ω–¥–∏—Ç–µ—Ä,–ö–æ–Ω–¥–∏—Ç–µ—Ä –ø—Ä–∏–µ—Ö–∞–ª –≤ –ü–∏—Ç–µ—Ä,1,0
–í–∞–Ω—á–æ,–õ–∞–Ω–¥—ã—à,–ª–∞–Ω–¥—ã—à –ª–∞–¥–Ω,1,0
–í–∞–Ω—á–æ,–©–µ–∫–∞,–©–µ–∫–∞ —â–µ–≤–æ–∫–≤,2,81
–í–∞–Ω—á–æ,–†–æ—Ç,–†–æ—Ç –∑–µ–º–ª–∏,2,76
–í–∞–Ω—á–æ,–®–∞–º–ø—É–Ω—å,–®–∞–º–ø—É–Ω—å —à–∞–º–ø—É–∏—á,1,0
–í–∞–Ω—á–æ,–ì–∞–Ω–≥—Å—Ç–µ—Ä-–ø—Ä–∏–≤–µ–¥–µ–Ω–∏–µ,–ì–∞–Ω–≥—Å—Ç–µ—Ä-–ø—Ä–∏–≤–µ–¥–µ–Ω–∏–µ,2,20
–í–∞–Ω—á–æ,–ö–æ–ª—å—Ü–æ,–ö–æ–ª—å—Ü–æ –û—Ö—É–µ–Ω–Ω–æ–µ –õ—é–±–ª—é –¶–µ–ª–æ–≤–∞—Ç—å –û—á–µ–Ω—å,2,9
–í–∞–Ω—á–æ,–ö–æ–∫—Ç–µ–π–ª—å,–ö–æ–∫—Ç–µ–π–ª—å —Å–æ–±–∞–∫–∏,2,40
–í–∞–Ω—á–æ,—á–∞–π–∞–π–∞–π–∞–π,—á–∞–π–∞–π–∞–π–∞–π,2,36
–í–∞–Ω—á–æ,–í–µ—Ç–µ—Ä,–í–µ—Ç–µ—Ä –º–æ–≥—É—á –∫–∞–∫ –≥–µ—Ä–∞–∫–ª,2,73
–í–∞–Ω—á–æ,C–ø–µ–∫—Ç–∞–∫–ª—å,C–ø–µ–∫—Ç–∞–∫–ª—å –±—ã–ª —Ñ–∏–ª–æ—Å–æ—Ñ—Å–∫–∏–º,2,21
–í–∞–Ω—á–æ,–û–∑–µ—Ä–æ,–û–∑–µ—Ä–æ –û–∑–µ—Ä–∫–æ,2,43
–í–∞–Ω—á–æ,–°—Ç—Ä–∞—Ö–æ–≤–∫–∞,–°—Ç—Ä–∞—Ö–æ–≤–∫–∞ –¥–ª—è –≥–µ—Ä–æ—è,2,73
–í–∞–Ω—á–æ,–ü–∞–ª–∫–∞,–ü–∞–ª–∫–∞ –ø–æ–ø –∞—Ä—Ç,2,15
–í–∞–Ω—á–æ,–†–∞—Å—Ç–≤–æ—Ä,–†–∞—Å—Ç–≤–æ—Ä —Ä–∞—Å—Ç–≤–æ—Ä—ã—á,1,0
–í–∞–Ω—á–æ,–í,–í —Å–∞–¥—É –±—ã–ª –±–∞—Ö,2,84
–í–∞–Ω—á–æ,–û—Ä–¥–µ–Ω,–û—Ä–¥–µ–Ω –∏—Å—Ç–æ—Ä–∏–∏,2,16
–í–∞–Ω—á–æ,–ü–æ–ª–∏—Ü–µ–π—Å–∫–∏–π,–ü–æ–ª–∏—Ü–µ–π—Å–∫–∏–π –Ω–æ–≤—ã–π –ø–æ–ª–∏—Ü–µ–π—Å–∫–∏–π,2,10
–í–∞–Ω—á–æ,–ö–æ–ª—å—Ü–æ,–ö–æ–ª—å—Ü–æ –∫–æ—Å–º–µ—Ç–æ–ª–æ–≥–∏–∏,2,77
–í–∞–Ω—á–æ,–∫—É–±–æ–∫,–∫—É–±–æ–∫ –±—É–±–æ–∫,2,29
–í–∞–Ω—á–æ,–ì–∞–∑–µ—Ç–∞,–ì–∞–∑–µ—Ç–∞ –º—É–∑—ã–∫–∞–Ω—Ç–∞,2,84
–í–∞–Ω—á–æ,–í–æ–ª—à–µ–±–Ω–∞—è,–í–æ–ª—à–µ–±–Ω–∞—è –∑–∞—Ç–æ—á–∫–∞,2,20
–í–∞–Ω—á–æ,–ó–≤–µ–∑–¥—ã,–ó–≤–µ–∑–¥—ã –≤ –∏—Å—Ç–æ—Ä–∏–∏,2,16
–í–∞–Ω—á–æ,—Ä–µ–≤–∏–∑–æ—Ä,—Ä–µ–≤–∏–∑–æ—Ä —É—á–µ–Ω—ã–π,2,37
–í–∞–Ω—á–æ,–ë–æ–∫,–ë–æ–∫ tupac,2,27
–í–∞–Ω—á–æ,–ª–∞–Ω–¥—ã—à,–ª–∞–Ω–¥—ã—à –ª–∞–Ω–¥—ã—à,2,24
–í–∞–Ω—á–æ,–∫–æ–∫—Ç–µ–π–ª—å,–∫–æ–∫—Ç–µ–π–ª—å –∞—Å—Ç—Ä–æ,2,86
–í–∞–Ω—á–æ,–æ–≥–æ–Ω—å,–æ–≥–æ–Ω—å –Ω–∞–¥ –º–æ—Å–∫–≤–æ–π,2,16
–í–∞–Ω—á–æ,–≤–¥–æ—Ö–Ω–æ–≤–µ–Ω–∏–µ,–≤–¥–æ—Ö–Ω–æ–≤–µ–Ω–∏–µ –∫–∞–∫ —É –ø—Ç–µ–Ω—Ü–∞,2,40
–í–∞–Ω—á–æ,–ò–ª–ª—é–º–∏–Ω–∞—Ç—ã,–ò–ª–ª–ª—é–º–∏–Ω–∞—Ç—ã –Ω–∞ —Ç—ã,1,0
–í–∞–Ω—á–æ,–£–∫—Ä–æ–ø,—É–∫—Ä–æ–ø —É–∫—Ä–æ–ø—ã—á,1,0
–í–∞–Ω—á–æ,–ó–≤–µ–∑–¥—ã,–∑–≤–µ–∑–¥—ã –∑–≤–µ–∑–¥—ã,1,0
–í–∞–Ω—á–æ,–ì–∞–Ω–≥—Å—Ç–µ—Ä,–ì–∞–Ω–≥—Å—Ç–µ—Ä –≥–∞–Ω—Å—Ç–µ—Ä–æ–≤–∏—á,1,0
–í–∞–Ω—á–æ,-,- –ú–æ–Ω–µ—Ç–∞ –º–æ–Ω–µ—Ç–æ–≤–Ω–∞,2,32
–í–∞–Ω—á–æ,–ü—É—à–∫–∞,–ü—É—à–∫–∞ –ü–†–∏—Ä–æ–¥–∞,2,58
–í–∞–Ω—á–æ,–í–æ–π–Ω–∞,–í–æ–π–Ω–∞ –≤–æ–π–Ω–æ–≤–∞—è,2,9
–í–∞–Ω—á–æ,–ö–∞—Ä—Ç–∏–Ω–∞,–ö–∞—Ä—Ç–∏–Ω–∞ –∫–∞—Ä—Ç–∏–Ω–æ–≤–Ω–∞,2,31
–í–∞–Ω—á–æ,–°–∞–¥,–°–∞–¥ –°–∞–¥–æ–≤–∏—á,2,38
–í–∞–Ω—á–æ,–ó–≤–µ–∑–¥—ã,–ó–≤–µ–∑–¥—ã –∑–≤–µ–∑–¥–æ–≤–Ω—ã,1,0
–í–∞–Ω—á–æ,–ú–∞–∫–∏—è–∂,–ú–∞–∫–∏—è–∂ –ú–∞–∫–∏–∂—ã—á,1,0
–í–∞–Ω—á–æ,–®–∞–º–ø—É–Ω—å,–®–∞–º–ø—É–Ω—å —à–∞–º–ø—É–Ω–∏—á,1,0
–í–∞–Ω—á–æ,–°–æ–ª—å,–°–æ–ª—å —Å–æ–ª–µ–≤–Ω–∞,2,82
–í–∞–Ω—á–æ,–ü–∏—Å—Ç–æ–ª–µ—Ç,–ü–∏—Å—Ç–æ–ª–µ—Ç –ø–∏—Å—Ç–æ–ª–µ—Ç—ã—á,1,0
–í–∞–Ω—á–æ,–ì–∏–º–Ω,–ì–∏–º–Ω –Ω–∞–Ω,2,41
–í–∞–Ω—á–æ,–ü–æ—Å—Ç–µ–ª—å,–ü–æ—Å—Ç–µ–ª—å –ø–æ—Å—Ç–µ–ª–µ–≤–Ω–∞,1,0
–í–∞–Ω—á–æ,–¢–∏—Ç–∞–Ω—ã,–¢–∏—Ç–∞–Ω—ã —Ç–∏—Ç–∞–Ω–æ–≤–Ω—ã,1,0
–í–∞–Ω—á–æ,–õ–∞–Ω–¥—ã—à,–õ–∞–Ω–¥—ã—à –Ω–∞–∞,2,11
–í–∞–Ω—á–æ,–Ω–µ—Ç,–Ω–µ—Ç —Å–∫–∞–∑–∞–ª —ç–π–Ω—à—Ç–µ–π–Ω,2,37
–í–∞–Ω—á–æ,–¢–µ–ø–ª–æ—Ö–æ–¥,—Ç–µ–ø–ª–æ—Ö–æ–¥ —ã—ã,1,0
–í–∞–Ω—á–æ,–í–æ–ª—à–µ–±–Ω—ã–π,–í–æ–ª—à–µ–±–Ω—ã–π –ø–æ–ª,2,20
–í–∞–Ω—á–æ,–ë–∞–∫–∞–ª–µ—è,–ë–∞–∫–∞–ª–µ—è –±–∞–∫–∞–ª–µ–µ–≤–Ω–∞,1,0
–í–∞–Ω—á–æ,–õ–æ–∂–∫–∞,–õ–æ–∂–∫–∞ –ª–æ–∂–∫–æ–≤–Ω–∞,1,0
–í–∞–Ω—á–æ,–ö–ª–∏–∫–∫–ª–∞–∫,–ö–ª–∏–∫–∫–ª–∞–∫ –∫–∞–∫,2,6
